add_author,2026-06-01T17:07:33
add_book,2026-06-01T17:07:34
add_reader,2026-06-01T17:07:34
list_books,2026-06-01T17:07:34
find_book_by_id,2026-06-01T17:07:34
update_book,2026-06-01T17:07:34
borrow_book,2026-06-01T17:07:34
return_book,2026-06-01T17:07:34
report_active_loans,2026-06-01T17:07:34
delete_reader,2026-06-01T17:07:34
add_author,2026-06-01T17:08:25
add_book,2026-06-01T17:08:25
add_reader,2026-06-01T17:08:25
list_books,2026-06-01T17:08:25
find_book_by_id,2026-06-01T17:08:25
update_book,2026-06-01T17:08:25
borrow_book,2026-06-01T17:08:25
return_book,2026-06-01T17:08:25
report_active_loans,2026-06-01T17:08:25
delete_reader,2026-06-01T17:08:25
